adress,token
link1d7e37qzh72wd0d5kalueldsrwfjf4h865gzdvn,1.0000001000007E+21
link1d7e37qzh72wd0d5kalueldsrwfjf4h865gzdvn,10000001000007fa
link1d7e37qzh72wd0d5kalueldsrwfjf4h865gzdvn,10000001000007d9
link1tl49u7fw8j9y5g55yvp4c886seruap9as9qsj8,10000001000007d5
link1tl49u7fw8j9y5g55yvp4c886seruap9as9qsj8,1000000100000791
link1tl49u7fw8j9y5g55yvp4c886seruap9as9qsj8,1000000100000735
link1tymuaqnchtrtl6c0r6w0punc0e0u97z45me53w,1000000100000815
link1tymuaqnchtrtl6c0r6w0punc0e0u97z45me53w,1000000100000756
link1tymuaqnchtrtl6c0r6w0punc0e0u97z45me53w,1000000100000750
link1tymuaqnchtrtl6c0r6w0punc0e0u97z45me53w,100000010000072c
link1tymuaqnchtrtl6c0r6w0punc0e0u97z45me53w,1000000100000762
link1zccqsd4u9vfu0j4equn6u7k0ek2dys8v53cf3v,100000010000075b
link1zccqsd4u9vfu0j4equn6u7k0ek2dys8v53cf3v,10000001000007f5
link1zccqsd4u9vfu0j4equn6u7k0ek2dys8v53cf3v,100000010000078b
link19uzsmerjjwhyrameqfs3sumk4zycr7x06n4xsx,10000001000007f3
link19uzsmerjjwhyrameqfs3sumk4zycr7x06n4xsx,100000010000074d
link1n8h7u0s6nrmrp7j5xtu7sxn203qpngd8kgd72y,10000001000007a1
link1n8h7u0s6nrmrp7j5xtu7sxn203qpngd8kgd72y,10000001000007df
link16evlfrsfda32rkkk3vk7cyndwddlhvnd3xu00w,100000010000073c
link16evlfrsfda32rkkk3vk7cyndwddlhvnd3xu00w,1000000100000761
link16evlfrsfda32rkkk3vk7cyndwddlhvnd3xu00w,1000000100000766
link1zdew6n47dwf97r6vmkexerukww58mnepdd25ne,10000001000007cd
link1zdew6n47dwf97r6vmkexerukww58mnepdd25ne,1000000100000755
link1zdew6n47dwf97r6vmkexerukww58mnepdd25ne,10000001000007f2
link15xyvwvpjp632j04x8f32dp4fudy9h3jegjlvq8,100000010000071c
link15xyvwvpjp632j04x8f32dp4fudy9h3jegjlvq8,1000000100000757
link1t486wp5pjnpdn6wlw57veduf2j2z9r7z7ee6cn,100000010000081f
link1pr3drajg2ul3npr28xuqkpgk5adf9a90yw4yxn,1.0000001000007E+17
link1pr3drajg2ul3npr28xuqkpgk5adf9a90yw4yxn,10000001000007f6
link1pr3drajg2ul3npr28xuqkpgk5adf9a90yw4yxn,100000010000075d
link1ednsdx7l86rcct4xsxvzmgnhezym9fk3l64pam,100000010000080b
link16rhmunr2v69n986gnl0c9amu5v5k8xsflrwygt,1.0000001000007E+22
link1l57rg6y0x6r9xf3j5cmuhwf2zskfs4tnzfs9l3,1000000100000792
link1cj9jg7xaq7d65lxhgkw5kt5cutmg24s9vw76xt,1000000100000776
link14w8396qw4sej895usttrxmt6hpn5stcmya70td,1000000100000773
link14w8396qw4sej895usttrxmt6hpn5stcmya70td,1000000100000814
link14w8396qw4sej895usttrxmt6hpn5stcmya70td,10000001000007b4
link14w8396qw4sej895usttrxmt6hpn5stcmya70td,1000000100000752
link1j53fnek4yvttw9fvkgqun07yk8kek4paewau5n,100000010000079c
link1wcet5pzl6wuv97cpy242t4xwye9889tt9wtn9r,1000000100000820
link12vdut6lw02emjp8n0sxasrwp4h54u6kxxadd5r,10000001000007ce
link12vdut6lw02emjp8n0sxasrwp4h54u6kxxadd5r,100000010000072e
link12vdut6lw02emjp8n0sxasrwp4h54u6kxxadd5r,100000010000077a
link1ggrv85cgdnww8fhmqx2zh7n5s5cvlrxp8445ps,1000000100000753
link1ggrv85cgdnww8fhmqx2zh7n5s5cvlrxp8445ps,10000001000007f8
link1wmdjyp6pf02var4zucl3a0kajljetqggfdgekj,1000000100000739
link1wmdjyp6pf02var4zucl3a0kajljetqggfdgekj,1000000100000823
link1wmdjyp6pf02var4zucl3a0kajljetqggfdgekj,10000001000007a0
link13y3swqg4wn6y7prky5vhe8w2ha73p99wn3qus9,1000000100000790
link1ddgdgj9zpvz2k65xxndh3z4yfgxlr7455yatx3,100000010000079d
link1uhul07f6drtaftnhjz2wt4jdy69altu3qr89pj,1000000100000741
link12amgrg2jff4vagvpfgv58eu8dy95er9fqrw4x2,1000000100000787
link12amgrg2jff4vagvpfgv58eu8dy95er9fqrw4x2,1000000100000828
link12amgrg2jff4vagvpfgv58eu8dy95er9fqrw4x2,1000000100000830
link12amgrg2jff4vagvpfgv58eu8dy95er9fqrw4x2,1000000100000744
link12amgrg2jff4vagvpfgv58eu8dy95er9fqrw4x2,1000000100000711
link194fk6nndtpyqxcved6q8wh8q5x5nzzzf9yz73d,1000000100000781
link194fk6nndtpyqxcved6q8wh8q5x5nzzzf9yz73d,10000001000007f7
link194fk6nndtpyqxcved6q8wh8q5x5nzzzf9yz73d,10000001000007a8
link1khdpjy6mdupfhnjwqays9jktznvwf9wuamm96y,10000001000007d1
link1khdpjy6mdupfhnjwqays9jktznvwf9wuamm96y,10000001000007d4
link1khdpjy6mdupfhnjwqays9jktznvwf9wuamm96y,10000001000007b6
link1khdpjy6mdupfhnjwqays9jktznvwf9wuamm96y,100000010000082d
link1khdpjy6mdupfhnjwqays9jktznvwf9wuamm96y,100000010000077d
link1khdpjy6mdupfhnjwqays9jktznvwf9wuamm96y,1000000100000733
link1khdpjy6mdupfhnjwqays9jktznvwf9wuamm96y,1000000100000818
link1khdpjy6mdupfhnjwqays9jktznvwf9wuamm96y,1000000100000788
link1rm3zphcuurt3qq6d54j8ds4kap336t5xex4jzu,100000010000074b
link1rm3zphcuurt3qq6d54j8ds4kap336t5xex4jzu,100000010000073a
link1rm3zphcuurt3qq6d54j8ds4kap336t5xex4jzu,10000001000007c5
link1rm3zphcuurt3qq6d54j8ds4kap336t5xex4jzu,1000000100000824
link1rm3zphcuurt3qq6d54j8ds4kap336t5xex4jzu,1000000100000732
link17alan05nkl4hn0ak9ld2sda4lef0r3vp6hupf9,100000010000082e
link17alan05nkl4hn0ak9ld2sda4lef0r3vp6hupf9,10000001000007c3
link1xhpvmj4g662vf4kwzsmgslgfs9fyaea2lrht0c,10000001000007ea
link1xhpvmj4g662vf4kwzsmgslgfs9fyaea2lrht0c,1.0000001000007E+16
link1xhpvmj4g662vf4kwzsmgslgfs9fyaea2lrht0c,100000010000078e
link1xhpvmj4g662vf4kwzsmgslgfs9fyaea2lrht0c,1000000100000803
link1xhpvmj4g662vf4kwzsmgslgfs9fyaea2lrht0c,1.0000001000007E+13
link1wu2mxkc6uwqntvm3u50748z3lt6lqekp2x2duw,1000000100000728
link1wu2mxkc6uwqntvm3u50748z3lt6lqekp2x2duw,1000000100000721
link1wu2mxkc6uwqntvm3u50748z3lt6lqekp2x2duw,100000010000081a
link1wu2mxkc6uwqntvm3u50748z3lt6lqekp2x2duw,1000000100000724
link1wu2mxkc6uwqntvm3u50748z3lt6lqekp2x2duw,10000001000007aa
link1crsmrp6m97m8xvh24ygr4mvppzc9vgpglvjck9,100000010000078a
link1crsmrp6m97m8xvh24ygr4mvppzc9vgpglvjck9,10000001000007d0
link1crsmrp6m97m8xvh24ygr4mvppzc9vgpglvjck9,100000010000082c
link1crsmrp6m97m8xvh24ygr4mvppzc9vgpglvjck9,1000000100000798
link1z4ts88qz2w3z9qn7mmp8rcgf97wl6yfjtup0qm,10000001000007d2
link13kum8w0scj9n3u28eyqwthjykrt32nj0y253tf,1000000100000794
link19hlfgnztl5zqqvkr4klyusy5j7ppfx6ssxsgm9,10000001000007d8
link19hlfgnztl5zqqvkr4klyusy5j7ppfx6ssxsgm9,1000000100000805
link19hlfgnztl5zqqvkr4klyusy5j7ppfx6ssxsgm9,1000000100000797
link19hlfgnztl5zqqvkr4klyusy5j7ppfx6ssxsgm9,100000010000070f
link19hlfgnztl5zqqvkr4klyusy5j7ppfx6ssxsgm9,10000001000007cc
link19hlfgnztl5zqqvkr4klyusy5j7ppfx6ssxsgm9,100000010000071e
link19hlfgnztl5zqqvkr4klyusy5j7ppfx6ssxsgm9,100000010000077c
link19hlfgnztl5zqqvkr4klyusy5j7ppfx6ssxsgm9,100000010000077e
link19hlfgnztl5zqqvkr4klyusy5j7ppfx6ssxsgm9,1000000100000734
link19hlfgnztl5zqqvkr4klyusy5j7ppfx6ssxsgm9,100000010000073b
link19hlfgnztl5zqqvkr4klyusy5j7ppfx6ssxsgm9,10000001000007de
link19hlfgnztl5zqqvkr4klyusy5j7ppfx6ssxsgm9,100000010000071d
link19hlfgnztl5zqqvkr4klyusy5j7ppfx6ssxsgm9,1000000100000765
link19hlfgnztl5zqqvkr4klyusy5j7ppfx6ssxsgm9,1000000100000770
link18eqxp6ce9zuf6ulwgmns52yc30ala9c0vcavjp,1000000100000826
link1xtxsutjmwrq2r4pd6eq8yaqd55dc0mwwhxalza,1000000100000807
link1jw4lcyvywfuhj42985e966e27ej7ux8qpvyzpy,1000000100000712
link1jw4lcyvywfuhj42985e966e27ej7ux8qpvyzpy,100000010000078c
link1ewdzvv7jhquufgpv4ayrukly8ejxfvmhpqu4j8,10000001000007c6
link1ewdzvv7jhquufgpv4ayrukly8ejxfvmhpqu4j8,1000000100000727
link1xkq6hyym82dkkkmv5gas4vhzjvvdnde3l4phya,1000000100000796
link1xkq6hyym82dkkkmv5gas4vhzjvvdnde3l4phya,1000000100000716
link1xkq6hyym82dkkkmv5gas4vhzjvvdnde3l4phya,1000000100000742
link1wzvhg3vnw0ny562sxp84jugn4r8rlwhysf62zj,100000010000071b
link1gqk9u5dsdee8nuyrm0hmxvkdehphlse7cmq3v6,1000000100000822
link1gqk9u5dsdee8nuyrm0hmxvkdehphlse7cmq3v6,1.0000001000007E+20
link1gqk9u5dsdee8nuyrm0hmxvkdehphlse7cmq3v6,1000000100000725
link1gqk9u5dsdee8nuyrm0hmxvkdehphlse7cmq3v6,1000000100000738
link1gqk9u5dsdee8nuyrm0hmxvkdehphlse7cmq3v6,100000010000081b
link1gqk9u5dsdee8nuyrm0hmxvkdehphlse7cmq3v6,1000000100000759
link1gqk9u5dsdee8nuyrm0hmxvkdehphlse7cmq3v6,10000001000007a7
link1ge0u83xpzp3w04p0ds5w63qgv9lktu79sswglz,100000010000073f
link1epaam4rl09djdvzqymlvdgm8ycc425xj6dkeg5,1.0000001000007E+19
link1xxy6rzgph6nwfawpw8yehw22nprtfv47sccfdc,10000001000007ed
link1xxy6rzgph6nwfawpw8yehw22nprtfv47sccfdc,1000000100000764
link1xxy6rzgph6nwfawpw8yehw22nprtfv47sccfdc,10000001000007b8
link1xxy6rzgph6nwfawpw8yehw22nprtfv47sccfdc,10000001000007bd
link1xxy6rzgph6nwfawpw8yehw22nprtfv47sccfdc,10000001000007fb
link1xxy6rzgph6nwfawpw8yehw22nprtfv47sccfdc,1000000100000785
link1xxy6rzgph6nwfawpw8yehw22nprtfv47sccfdc,10000001000007b1
link1xxy6rzgph6nwfawpw8yehw22nprtfv47sccfdc,10000001000007be
link1xxy6rzgph6nwfawpw8yehw22nprtfv47sccfdc,1000000100000816
link1xxy6rzgph6nwfawpw8yehw22nprtfv47sccfdc,10000001000007fe
link1xxy6rzgph6nwfawpw8yehw22nprtfv47sccfdc,10000001000007eb
link1xxy6rzgph6nwfawpw8yehw22nprtfv47sccfdc,100000010000082a
link1xxy6rzgph6nwfawpw8yehw22nprtfv47sccfdc,1000000100000726
link1xxy6rzgph6nwfawpw8yehw22nprtfv47sccfdc,100000010000076f
link1xxy6rzgph6nwfawpw8yehw22nprtfv47sccfdc,10000001000007ef
link1xxy6rzgph6nwfawpw8yehw22nprtfv47sccfdc,1.0000001000007E+14
link1xxy6rzgph6nwfawpw8yehw22nprtfv47sccfdc,10000001000007db
link1xxy6rzgph6nwfawpw8yehw22nprtfv47sccfdc,10000001000007c8
link1xxy6rzgph6nwfawpw8yehw22nprtfv47sccfdc,10000001000007ab
link1xxy6rzgph6nwfawpw8yehw22nprtfv47sccfdc,100000010000070e
link1xxy6rzgph6nwfawpw8yehw22nprtfv47sccfdc,1000000100000800
link1xxy6rzgph6nwfawpw8yehw22nprtfv47sccfdc,1000000100000729
link1yj9hr9d2zyldxupa5gkxssyfu0g65ys36ku6e8,10000001000007c1
link1yj9hr9d2zyldxupa5gkxssyfu0g65ys36ku6e8,10000001000007f9
link17ttxpyy8u5f4hs979wgghykeztry0hnxurs03q,10000001000007b5
link1cwek2ex5ylefcldhq5hutva6k5cgkxmpegukwd,10000001000007c2
link1k35suy5v4kfe3kzkl3fymy9rjy3rk7s0p65c40,1000000100000795
link1k35suy5v4kfe3kzkl3fymy9rjy3rk7s0p65c40,10000001000007ae
link13ym8g2m8eh5p3ll204zd9rr0c985jl00vgxdpn,1000000100000719
link1q6sp7g69v60yhxpgckzx7ku5vsy3hys90lf2vq,1000000100000748
link13zu85548tsuswassf900ptca5fyq2f36s7cutc,100000010000080d
link1mxxv8uhfrqaxzaplylln4cy08gfm8qt7566wtk,1000000100000782
link1cu8c98v0vp78ylpjqjnd5pmw0c0yzcx7hq8dl4,1000000100000720
link1u2r4t73rsxf0epefpeh6yn7ulaajz8uvzsgtkz,100000010000080e
link1u2r4t73rsxf0epefpeh6yn7ulaajz8uvzsgtkz,10000001000007ba
link1u2r4t73rsxf0epefpeh6yn7ulaajz8uvzsgtkz,10000001000007bb
link1wjzt5cl03tk64vxt5qurfv5x9gjm7kqst2vqn5,1000000100000793
link1sjux8hma8nuje3lxzm640tlprj0ajetq93jg8v,100000010000072d
link1tp5pgutyfdqgld67s0cm7r52mrn2fcquclkwjd,1000000100000789
link1tp5pgutyfdqgld67s0cm7r52mrn2fcquclkwjd,1000000100000819
link18dawt72ua28vxyg6c8x6dmezuspravwe6380v0,1000000100000784
link18dawt72ua28vxyg6c8x6dmezuspravwe6380v0,1000000100000763
link18dawt72ua28vxyg6c8x6dmezuspravwe6380v0,10000001000007b9
link10nzh4myfgs3kae5nqaqnhyr8duqr0cjy260gvy,1000000100000825
link1j6p8q6psre46d705l3fzg0drvcxvnnltheetz6,1000000100000806
link1q8ag28c68vhts6fndp565qff7mayxmvsddqdl3,1000000100000827
link1q8ag28c68vhts6fndp565qff7mayxmvsddqdl3,100000010000076b
link1q8ag28c68vhts6fndp565qff7mayxmvsddqdl3,10000001000007a9
link1dype589vn2z8us7neshzmytwfx8dkg39qmxlgk,100000010000075f
link1dype589vn2z8us7neshzmytwfx8dkg39qmxlgk,100000010000070a
link1h8a5pr35txz3vcztnlxpyyxlyzxsg40007jak0,10000001000007dc
link1h8a5pr35txz3vcztnlxpyyxlyzxsg40007jak0,1000000100000829
link1h8a5pr35txz3vcztnlxpyyxlyzxsg40007jak0,100000010000072a
link1h8a5pr35txz3vcztnlxpyyxlyzxsg40007jak0,100000010000076d
link1h8a5pr35txz3vcztnlxpyyxlyzxsg40007jak0,1000000100000821
link1tk23amj89dcdd2wh832mq4n7sqdetas4gspecp,10000001000007cf
link1tk23amj89dcdd2wh832mq4n7sqdetas4gspecp,100000010000076a
link158z7m02nekqrhch4fa2gs24qk5tgp4923lc842,100000010000073d
link1r5cnv5534ea64k2sw9urvgc2s9xp6aqvwg9j44,1000000100000713
link1j00c40dm2d06tefu3wsxlh7v0nqz7l6n0u978g,100000010000076e
link1rcftrjehhjdrhhysswwqa8sw98cg7y7xa5xjfr,1000000100000775
link1rcftrjehhjdrhhysswwqa8sw98cg7y7xa5xjfr,100000010000081c
link18cmnen4g59csryt6c4ec6hrxe27dycwmsvdmgx,1000000100000817
link18cmnen4g59csryt6c4ec6hrxe27dycwmsvdmgx,1000000100000767
link1caxjv2wl830gt5jtwtsprgm55lgvr9xsxn40d6,100000010000071f
link1caxjv2wl830gt5jtwtsprgm55lgvr9xsxn40d6,1000000100000768
link1caxjv2wl830gt5jtwtsprgm55lgvr9xsxn40d6,10000001000007b3
link1caxjv2wl830gt5jtwtsprgm55lgvr9xsxn40d6,10000001000007fc
link1caxjv2wl830gt5jtwtsprgm55lgvr9xsxn40d6,100000010000077b
link1caxjv2wl830gt5jtwtsprgm55lgvr9xsxn40d6,1000000100000751
link1caxjv2wl830gt5jtwtsprgm55lgvr9xsxn40d6,1000000100000832
link1caxjv2wl830gt5jtwtsprgm55lgvr9xsxn40d6,100000010000074c
link1caxjv2wl830gt5jtwtsprgm55lgvr9xsxn40d6,1000000100000808
link1caxjv2wl830gt5jtwtsprgm55lgvr9xsxn40d6,1000000100000743
link1caxjv2wl830gt5jtwtsprgm55lgvr9xsxn40d6,100000010000080f
link1caxjv2wl830gt5jtwtsprgm55lgvr9xsxn40d6,1000000100000834
link1caxjv2wl830gt5jtwtsprgm55lgvr9xsxn40d6,100000010000079b
link1caxjv2wl830gt5jtwtsprgm55lgvr9xsxn40d6,10000001000007d3
link1caxjv2wl830gt5jtwtsprgm55lgvr9xsxn40d6,1000000100000802
link1caxjv2wl830gt5jtwtsprgm55lgvr9xsxn40d6,1000000100000714
link1caxjv2wl830gt5jtwtsprgm55lgvr9xsxn40d6,1000000100000812
link1caxjv2wl830gt5jtwtsprgm55lgvr9xsxn40d6,1000000100000737
link1caxjv2wl830gt5jtwtsprgm55lgvr9xsxn40d6,100000010000074e
link1caxjv2wl830gt5jtwtsprgm55lgvr9xsxn40d6,1000000100000746
link1caxjv2wl830gt5jtwtsprgm55lgvr9xsxn40d6,1000000100000760
link1caxjv2wl830gt5jtwtsprgm55lgvr9xsxn40d6,100000010000075c
link1caxjv2wl830gt5jtwtsprgm55lgvr9xsxn40d6,1000000100000786
link1caxjv2wl830gt5jtwtsprgm55lgvr9xsxn40d6,1000000100000811
link1caxjv2wl830gt5jtwtsprgm55lgvr9xsxn40d6,10000001000007c4
link1caxjv2wl830gt5jtwtsprgm55lgvr9xsxn40d6,10000001000007a5
link1caxjv2wl830gt5jtwtsprgm55lgvr9xsxn40d6,100000010000081e
link1caxjv2wl830gt5jtwtsprgm55lgvr9xsxn40d6,10000001000007c7
link1caxjv2wl830gt5jtwtsprgm55lgvr9xsxn40d6,1000000100000772
link1caxjv2wl830gt5jtwtsprgm55lgvr9xsxn40d6,10000001000007c0
link1caxjv2wl830gt5jtwtsprgm55lgvr9xsxn40d6,10000001000007f4
link1caxjv2wl830gt5jtwtsprgm55lgvr9xsxn40d6,1000000100000777
link1caxjv2wl830gt5jtwtsprgm55lgvr9xsxn40d6,1.0000001000007E+15
link14znwje70fpct7x4k7rut8ys9gr3h9xwulx8xfa,1.0000001000007E+18
link1k0p0gqt3jd2afaa0dr7htctxncgt8uyecqcr8g,1000000100000801
link1k0p0gqt3jd2afaa0dr7htctxncgt8uyecqcr8g,1000000100000747
link1k0p0gqt3jd2afaa0dr7htctxncgt8uyecqcr8g,1000000100000804
link1k0p0gqt3jd2afaa0dr7htctxncgt8uyecqcr8g,10000001000007ad
link1k0p0gqt3jd2afaa0dr7htctxncgt8uyecqcr8g,10000001000007b0
link1k0p0gqt3jd2afaa0dr7htctxncgt8uyecqcr8g,10000001000007fd
link15dzyq4daugkwl9rg6z3lk8qcn9vyy6uf8rsgnj,1000000100000718
link18pgck2ks4xjdxs9vfgm8g77t8lhvf3q396mc2m,100000010000082f
link10yqu6x64zhqsu24g6rmnaur9uf9ns5g2xep3v8,100000010000070d
link10yqu6x64zhqsu24g6rmnaur9uf9ns5g2xep3v8,1000000100000771
link10yqu6x64zhqsu24g6rmnaur9uf9ns5g2xep3v8,1000000100000758
link10yqu6x64zhqsu24g6rmnaur9uf9ns5g2xep3v8,1000000100000723
link10yqu6x64zhqsu24g6rmnaur9uf9ns5g2xep3v8,1000000100000749
link10yqu6x64zhqsu24g6rmnaur9uf9ns5g2xep3v8,1000000100000799
link10yqu6x64zhqsu24g6rmnaur9uf9ns5g2xep3v8,10000001000007f1
link10yqu6x64zhqsu24g6rmnaur9uf9ns5g2xep3v8,100000010000077f
link10yqu6x64zhqsu24g6rmnaur9uf9ns5g2xep3v8,10000001000007ee
link10yqu6x64zhqsu24g6rmnaur9uf9ns5g2xep3v8,100000010000078d
link10yqu6x64zhqsu24g6rmnaur9uf9ns5g2xep3v8,10000001000007bc
link10yqu6x64zhqsu24g6rmnaur9uf9ns5g2xep3v8,10000001000007a4
link1plfskapca5m5t8ct3tk42zmxhax0y0te0a40na,1000000100000810
link1vxf2wt58rk5qrh5zl5sh6fyn9dx96ztwsldp3m,10000001000007ec
link1vxf2wt58rk5qrh5zl5sh6fyn9dx96ztwsldp3m,100000010000071a
link1vxf2wt58rk5qrh5zl5sh6fyn9dx96ztwsldp3m,10000001000007ac
link1245axdarq9w7p39jy6ddqxeukga6vzug58nh3c,10000001000007a2
link1rfp799tj5zvtlmh8cm4c0p5zsg4vvdjvldc6et,100000010000073e
link18dx3r8nm62e89m302uyv20kv26mmrcc9nmpum0,1000000100000833
link18dx3r8nm62e89m302uyv20kv26mmrcc9nmpum0,10000001000007ca
link18dx3r8nm62e89m302uyv20kv26mmrcc9nmpum0,1000000100000813
0xa0cb869a448777c7e1ab530a720f78a8bfc3ccd7,100000010000079a
0x98a1c63fcd38f84e43407fc3f988867864319f4b,1000000100000769
0x51a80008d19739f05591b152a8087568e8320ed4,100000010000075a
0x80b2e118624862b5bfb9318dd2f1e5d6340fe629,100000010000081d
0xe545bfc7e4657ed40321ed6753d36fc6583938d6,1000000100000717
0xa96c3327a11a489b5624d745bbf3bbd5c30ee904,100000010000074a
0xa96c3327a11a489b5624d745bbf3bbd5c30ee904,10000001000007b2
0xa0cb869a448777c7e1ab530a720f78a8bfc3ccd7,100000010000079a
0x98a1c63fcd38f84e43407fc3f988867864319f4b,1000000100000769
0x51a80008d19739f05591b152a8087568e8320ed4,100000010000075a
0x80b2e118624862b5bfb9318dd2f1e5d6340fe629,100000010000081d
0xe545bfc7e4657ed40321ed6753d36fc6583938d6,1000000100000717
0xa96c3327a11a489b5624d745bbf3bbd5c30ee904,100000010000074a
0xa96c3327a11a489b5624d745bbf3bbd5c30ee904,10000001000007b2
link12y3xhlxz3ylc20mhal7qpmfks77vl3h99596nx,100000010000082b
link12y3xhlxz3ylc20mhal7qpmfks77vl3h99596nx,100000010000080c
link12y3xhlxz3ylc20mhal7qpmfks77vl3h99596nx,10000001000007f0
link12y3xhlxz3ylc20mhal7qpmfks77vl3h99596nx,10000001000007dd
link12y3xhlxz3ylc20mhal7qpmfks77vl3h99596nx,10000001000007da
link12y3xhlxz3ylc20mhal7qpmfks77vl3h99596nx,10000001000007d7
link12y3xhlxz3ylc20mhal7qpmfks77vl3h99596nx,10000001000007d6
link12y3xhlxz3ylc20mhal7qpmfks77vl3h99596nx,10000001000007cb
link12y3xhlxz3ylc20mhal7qpmfks77vl3h99596nx,10000001000007c9
link12y3xhlxz3ylc20mhal7qpmfks77vl3h99596nx,10000001000007bf
link12y3xhlxz3ylc20mhal7qpmfks77vl3h99596nx,10000001000007b7
link12y3xhlxz3ylc20mhal7qpmfks77vl3h99596nx,10000001000007af
link12y3xhlxz3ylc20mhal7qpmfks77vl3h99596nx,10000001000007a6
link12y3xhlxz3ylc20mhal7qpmfks77vl3h99596nx,100000010000079f
link12y3xhlxz3ylc20mhal7qpmfks77vl3h99596nx,100000010000079e
link12y3xhlxz3ylc20mhal7qpmfks77vl3h99596nx,100000010000078f
link12y3xhlxz3ylc20mhal7qpmfks77vl3h99596nx,1000000100000783
link12y3xhlxz3ylc20mhal7qpmfks77vl3h99596nx,#1000000100000780
link12y3xhlxz3ylc20mhal7qpmfks77vl3h99596nx,1000000100000779
link12y3xhlxz3ylc20mhal7qpmfks77vl3h99596nx,1000000100000778
link12y3xhlxz3ylc20mhal7qpmfks77vl3h99596nx,1000000100000774
link12y3xhlxz3ylc20mhal7qpmfks77vl3h99596nx,100000010000076c
link12y3xhlxz3ylc20mhal7qpmfks77vl3h99596nx,100000010000075e
link12y3xhlxz3ylc20mhal7qpmfks77vl3h99596nx,1000000100000754
link12y3xhlxz3ylc20mhal7qpmfks77vl3h99596nx,100000010000074f
link12y3xhlxz3ylc20mhal7qpmfks77vl3h99596nx,1000000100000745
link12y3xhlxz3ylc20mhal7qpmfks77vl3h99596nx,#1000000100000740
link12y3xhlxz3ylc20mhal7qpmfks77vl3h99596nx,1000000100000736
link12y3xhlxz3ylc20mhal7qpmfks77vl3h99596nx,1000000100000731
link12y3xhlxz3ylc20mhal7qpmfks77vl3h99596nx,#1000000100000730
link12y3xhlxz3ylc20mhal7qpmfks77vl3h99596nx,100000010000072f
link12y3xhlxz3ylc20mhal7qpmfks77vl3h99596nx,100000010000072b
link12y3xhlxz3ylc20mhal7qpmfks77vl3h99596nx,1000000100000722
link12y3xhlxz3ylc20mhal7qpmfks77vl3h99596nx,1000000100000715
link12y3xhlxz3ylc20mhal7qpmfks77vl3h99596nx,#1000000100000710
link12y3xhlxz3ylc20mhal7qpmfks77vl3h99596nx,100000010000070c
link12y3xhlxz3ylc20mhal7qpmfks77vl3h99596nx,100000010000070b