,
link1zdew6n47dwf97r6vmkexerukww58mnepdd25ne,3
link1zccqsd4u9vfu0j4equn6u7k0ek2dys8v53cf3v,3
link1z4ts88qz2w3z9qn7mmp8rcgf97wl6yfjtup0qm,1
link1yj9hr9d2zyldxupa5gkxssyfu0g65ys36ku6e8,2
link1xxy6rzgph6nwfawpw8yehw22nprtfv47sccfdc,22
link1xtxsutjmwrq2r4pd6eq8yaqd55dc0mwwhxalza,1
link1xkq6hyym82dkkkmv5gas4vhzjvvdnde3l4phya,3
link1xhpvmj4g662vf4kwzsmgslgfs9fyaea2lrht0c,5
link1wzvhg3vnw0ny562sxp84jugn4r8rlwhysf62zj,1
link1wu2mxkc6uwqntvm3u50748z3lt6lqekp2x2duw,5
link1wmdjyp6pf02var4zucl3a0kajljetqggfdgekj,3
link1wjzt5cl03tk64vxt5qurfv5x9gjm7kqst2vqn5,1
link1wcet5pzl6wuv97cpy242t4xwye9889tt9wtn9r,1
link1vxf2wt58rk5qrh5zl5sh6fyn9dx96ztwsldp3m,3
link1uhul07f6drtaftnhjz2wt4jdy69altu3qr89pj,1
link1u2r4t73rsxf0epefpeh6yn7ulaajz8uvzsgtkz,3
link1tymuaqnchtrtl6c0r6w0punc0e0u97z45me53w,5
link1tp5pgutyfdqgld67s0cm7r52mrn2fcquclkwjd,2
link1tl49u7fw8j9y5g55yvp4c886seruap9as9qsj8,3
link1tk23amj89dcdd2wh832mq4n7sqdetas4gspecp,2
link1t486wp5pjnpdn6wlw57veduf2j2z9r7z7ee6cn,1
link1rm3zphcuurt3qq6d54j8ds4kap336t5xex4jzu,5
link1rfp799tj5zvtlmh8cm4c0p5zsg4vvdjvldc6et,1
link1rcftrjehhjdrhhysswwqa8sw98cg7y7xa5xjfr,2
link1r5cnv5534ea64k2sw9urvgc2s9xp6aqvwg9j44,1
link1q8ag28c68vhts6fndp565qff7mayxmvsddqdl3,3
link1q6sp7g69v60yhxpgckzx7ku5vsy3hys90lf2vq,1
link1pr3drajg2ul3npr28xuqkpgk5adf9a90yw4yxn,3
link1plfskapca5m5t8ct3tk42zmxhax0y0te0a40na,1
link1n8h7u0s6nrmrp7j5xtu7sxn203qpngd8kgd72y,2
link1mxxv8uhfrqaxzaplylln4cy08gfm8qt7566wtk,1
link1l57rg6y0x6r9xf3j5cmuhwf2zskfs4tnzfs9l3,1
link1khdpjy6mdupfhnjwqays9jktznvwf9wuamm96y,8
link1k35suy5v4kfe3kzkl3fymy9rjy3rk7s0p65c40,2
link1k0p0gqt3jd2afaa0dr7htctxncgt8uyecqcr8g,6
link1jw4lcyvywfuhj42985e966e27ej7ux8qpvyzpy,2
link1j6p8q6psre46d705l3fzg0drvcxvnnltheetz6,1
link1j53fnek4yvttw9fvkgqun07yk8kek4paewau5n,1
link1j00c40dm2d06tefu3wsxlh7v0nqz7l6n0u978g,1
link1h8a5pr35txz3vcztnlxpyyxlyzxsg40007jak0,5
link1gqk9u5dsdee8nuyrm0hmxvkdehphlse7cmq3v6,7
link1ge0u83xpzp3w04p0ds5w63qgv9lktu79sswglz,1
link1ewdzvv7jhquufgpv4ayrukly8ejxfvmhpqu4j8,2
link1epaam4rl09djdvzqymlvdgm8ycc425xj6dkeg5,1
link1ednsdx7l86rcct4xsxvzmgnhezym9fk3l64pam,1
link1dype589vn2z8us7neshzmytwfx8dkg39qmxlgk,2
link1ddgdgj9zpvz2k65xxndh3z4yfgxlr7455yatx3,1
link1d7e37qzh72wd0d5kalueldsrwfjf4h865gzdvn,3
link1cwek2ex5ylefcldhq5hutva6k5cgkxmpegukwd,1
link1cu8c98v0vp78ylpjqjnd5pmw0c0yzcx7hq8dl4,1
link1crsmrp6m97m8xvh24ygr4mvppzc9vgpglvjck9,4
link1cj9jg7xaq7d65lxhgkw5kt5cutmg24s9vw76xt,1
link1caxjv2wl830gt5jtwtsprgm55lgvr9xsxn40d6,33
link19uzsmerjjwhyrameqfs3sumk4zycr7x06n4xsx,2
link19hlfgnztl5zqqvkr4klyusy5j7ppfx6ssxsgm9,14
link194fk6nndtpyqxcved6q8wh8q5x5nzzzf9yz73d,3
link18pgck2ks4xjdxs9vfgm8g77t8lhvf3q396mc2m,1
link18eqxp6ce9zuf6ulwgmns52yc30ala9c0vcavjp,1
link18dx3r8nm62e89m302uyv20kv26mmrcc9nmpum0,3
link18dawt72ua28vxyg6c8x6dmezuspravwe6380v0,3
link18cmnen4g59csryt6c4ec6hrxe27dycwmsvdmgx,2
link17ttxpyy8u5f4hs979wgghykeztry0hnxurs03q,1
link17alan05nkl4hn0ak9ld2sda4lef0r3vp6hupf9,2
link16rhmunr2v69n986gnl0c9amu5v5k8xsflrwygt,1
link16evlfrsfda32rkkk3vk7cyndwddlhvnd3xu00w,3
link15dzyq4daugkwl9rg6z3lk8qcn9vyy6uf8rsgnj,1
link158z7m02nekqrhch4fa2gs24qk5tgp4923lc842,1
link14w8396qw4sej895usttrxmt6hpn5stcmya70td,4
link13zu85548tsuswassf900ptca5fyq2f36s7cutc,1
link13ym8g2m8eh5p3ll204zd9rr0c985jl00vgxdpn,1
link13y3swqg4wn6y7prky5vhe8w2ha73p99wn3qus9,1
link13kum8w0scj9n3u28eyqwthjykrt32nj0y253tf,1
link12vdut6lw02emjp8n0sxasrwp4h54u6kxxadd5r,3
link12amgrg2jff4vagvpfgv58eu8dy95er9fqrw4x2,5
link1245axdarq9w7p39jy6ddqxeukga6vzug58nh3c,1
link10yqu6x64zhqsu24g6rmnaur9uf9ns5g2xep3v8,12
link10nzh4myfgs3kae5nqaqnhyr8duqr0cjy260gvy,1
link1ggrv85cgdnww8fhmqx2zh7n5s5cvlrxp8445ps,2
link1sjux8hma8nuje3lxzm640tlprj0ajetq93jg8v,1
link15xyvwvpjp632j04x8f32dp4fudy9h3jegjlvq8,2
link14znwje70fpct7x4k7rut8ys9gr3h9xwulx8xfa,1